"election_year","election_code","candidate_id","source_file","source_candidate_id","candidate_name","source_candidate_name","party_abbreviation","party_code","linkage_constituency_code","list_number","list_position","source_election_order","source_accession_date","evidence","confidence","notes","canonical_source_md5","source_md5","raw_xml_candidate_id"
"2010","KF","518962",".local-data/rkl/2010/kandidater/alla_ursprungliga_ledamoter_RLK.skv","518969","Stefan Kjell","Stefan Kjell","SD","110","176000","0110-04861","1","1","","E1","high","N1","e758499f800cfbc49ce02c54c3d1dd79","0e7bd5917429979906d92adf7203a3fe","518962"
"2010","KF","517474",".local-data/rkl/2010/kandidater/alla_ursprungliga_ledamoter_RLK.skv","517493","Jens Pettersson","Jens Pettersson","SD","110","186400","0110-04182","1","1","","E1","high","N1","e758499f800cfbc49ce02c54c3d1dd79","0e7bd5917429979906d92adf7203a3fe","517474"
"2010","KF","519214",".local-data/rkl/2010/kandidater/alla_ursprungliga_ledamoter_RLK.skv","519216","Claes Swedenborg","Claes Swedenborg","SD","110","198300","0110-04947","2","2","","E1","high","N1","e758499f800cfbc49ce02c54c3d1dd79","0e7bd5917429979906d92adf7203a3fe","519214"
"2010","KF","518419",".local-data/rkl/2010/kandidater/alla_ursprungliga_ledamoter_RLK.skv","518426","Henry Svärd","Henry Svärd","SD","110","208102","0110-04572","7","3","","E1","high","N1","e758499f800cfbc49ce02c54c3d1dd79","0e7bd5917429979906d92adf7203a3fe","518419"
"2010","KF","518962",".local-data/rkl/2010/kandidater/allaursprledRLK.skv","518969","Stefan Kjell","Stefan Kjell","SD","110","176000","0110-04861","1","1","","E1","high","N1","e758499f800cfbc49ce02c54c3d1dd79","0e7bd5917429979906d92adf7203a3fe","518962"
"2010","KF","517474",".local-data/rkl/2010/kandidater/allaursprledRLK.skv","517493","Jens Pettersson","Jens Pettersson","SD","110","186400","0110-04182","1","1","","E1","high","N1","e758499f800cfbc49ce02c54c3d1dd79","0e7bd5917429979906d92adf7203a3fe","517474"
"2010","KF","519214",".local-data/rkl/2010/kandidater/allaursprledRLK.skv","519216","Claes Swedenborg","Claes Swedenborg","SD","110","198300","0110-04947","2","2","","E1","high","N1","e758499f800cfbc49ce02c54c3d1dd79","0e7bd5917429979906d92adf7203a3fe","519214"
"2010","KF","518419",".local-data/rkl/2010/kandidater/allaursprledRLK.skv","518426","Henry Svärd","Henry Svärd","SD","110","208102","0110-04572","7","3","","E1","high","N1","e758499f800cfbc49ce02c54c3d1dd79","0e7bd5917429979906d92adf7203a3fe","518419"
"2010","RD","466949",".local-data/rkl/2010/kandidater/nuvarande_ledamoter_RLK.skv","485369","Stefan Caplan","Stefan Caplan","M","1","17","0001-00102","3","3","","E1","high","N1","e758499f800cfbc49ce02c54c3d1dd79","2b5b6f22d5ebe1aa57af8629f63cf5ae","466949"
"2010","RD","473963",".local-data/rkl/2010/kandidater/nuvarande_ledamoter_RLK.skv","473981","Penilla Gunther","Penilla Gunther","KD","68","18","0068-02855","1","1","","E1","high","N1","e758499f800cfbc49ce02c54c3d1dd79","2b5b6f22d5ebe1aa57af8629f63cf5ae","473963"
"2010","RF","495085",".local-data/rkl/2010/kandidater/nuvarande_ledamoter_RLK.skv","495139","Britt Engqvist","Britt Engqvist","SD","110","1704","0110-03606","2","1","","E1","high","N1","e758499f800cfbc49ce02c54c3d1dd79","2b5b6f22d5ebe1aa57af8629f63cf5ae","495085"
"2010","KF","519657",".local-data/rkl/2010/kandidater/nuvarande_ledamoter_RLK.skv","519675","Jan Björkebaum-Dahlen","Jan Björkebaum-Dahlen","SD","110","011402","0110-05099","2","1","2010-12-14","E1","high","N1","e758499f800cfbc49ce02c54c3d1dd79","2b5b6f22d5ebe1aa57af8629f63cf5ae","519657"
"2010","KF","519286",".local-data/rkl/2010/kandidater/nuvarande_ledamoter_RLK.skv","519350","Kristina Parholt","Kristina Parholt","SD","110","038200","0110-04989","1","1","2013-07-05","E1","high","N1","e758499f800cfbc49ce02c54c3d1dd79","2b5b6f22d5ebe1aa57af8629f63cf5ae","519286"
"2010","KF","517968",".local-data/rkl/2010/kandidater/nuvarande_ledamoter_RLK.skv","517978","Helena Elmqvist","Helena Elmqvist","SD","110","061700","0110-04383","5","1","2014-07-08","E1","high","N1","e758499f800cfbc49ce02c54c3d1dd79","2b5b6f22d5ebe1aa57af8629f63cf5ae","517968"
"2010","KF","518286",".local-data/rkl/2010/kandidater/nuvarande_ledamoter_RLK.skv","518299","Åke Möller","Åke Möller","SD","110","088302","0110-04497","5","1","2014-01-13","E1","high","N1","e758499f800cfbc49ce02c54c3d1dd79","2b5b6f22d5ebe1aa57af8629f63cf5ae","518286"
"2010","KF","519223",".local-data/rkl/2010/kandidater/nuvarande_ledamoter_RLK.skv","519230","Anders Nilsson","Anders Nilsson","SD","110","121400","0110-04949","7","1","2012-05-28","E1","high","N1","e758499f800cfbc49ce02c54c3d1dd79","2b5b6f22d5ebe1aa57af8629f63cf5ae","519223"
"2010","KF","205765",".local-data/rkl/2010/kandidater/nuvarande_ledamoter_RLK.skv","228050","Maria Kornevik Jakobsson","Maria Kornevik Jakobsson","C","4","140101","0004-01163","3","1","","E1","high","N1","e758499f800cfbc49ce02c54c3d1dd79","2b5b6f22d5ebe1aa57af8629f63cf5ae","205765"
"2010","KF","518691",".local-data/rkl/2010/kandidater/nuvarande_ledamoter_RLK.skv","518693","Christer Ekeroth","Christer Ekeroth","SD","110","140102","0110-04700","1","1","2012-10-22","E1","high","N1","e758499f800cfbc49ce02c54c3d1dd79","2b5b6f22d5ebe1aa57af8629f63cf5ae","518691"
"2010","KF","486046",".local-data/rkl/2010/kandidater/nuvarande_ledamoter_RLK.skv","488052","Marianne Ahlborg","Marianne Ahlborg","FP","3","140201","0003-01530","1","1","","E1","high","N1","e758499f800cfbc49ce02c54c3d1dd79","2b5b6f22d5ebe1aa57af8629f63cf5ae","486046"
"2010","KF","466951",".local-data/rkl/2010/kandidater/nuvarande_ledamoter_RLK.skv","485404","Arne Lernhag","Arne Lernhag","M","1","140700","0001-00985","1","1","","E1","high","N1","e758499f800cfbc49ce02c54c3d1dd79","2b5b6f22d5ebe1aa57af8629f63cf5ae","466951"
"2010","KF","466968",".local-data/rkl/2010/kandidater/nuvarande_ledamoter_RLK.skv","485437","Kent Lagrell","Kent Lagrell","M","1","140700","0001-00985","2","2","","E1","high","N1","e758499f800cfbc49ce02c54c3d1dd79","2b5b6f22d5ebe1aa57af8629f63cf5ae","466968"
"2010","KF","486064",".local-data/rkl/2010/kandidater/nuvarande_ledamoter_RLK.skv","486308","Ulrica Almhöjd","Ulrica Almhöjd","FP","3","140700","0003-01957","2","4","","E1","high","N1","e758499f800cfbc49ce02c54c3d1dd79","2b5b6f22d5ebe1aa57af8629f63cf5ae","486064"
"2010","KF","486050",".local-data/rkl/2010/kandidater/nuvarande_ledamoter_RLK.skv","486310","Marianne Lönn","Marianne Lönn","FP","3","140700","0003-01957","4","5","","E1","high","N1","e758499f800cfbc49ce02c54c3d1dd79","2b5b6f22d5ebe1aa57af8629f63cf5ae","486050"
"2010","KF","473690",".local-data/rkl/2010/kandidater/nuvarande_ledamoter_RLK.skv","474518","Eva Wallin","Eva Wallin","KD","68","140700","0068-01849","5","5","","E1","high","N1","e758499f800cfbc49ce02c54c3d1dd79","2b5b6f22d5ebe1aa57af8629f63cf5ae","473690"
"2010","KF","484117",".local-data/rkl/2010/kandidater/nuvarande_ledamoter_RLK.skv","484734","Annika Andersson","Annika Andersson","V","5","140700","0005-01139","1","1","","E1","high","N1","e758499f800cfbc49ce02c54c3d1dd79","2b5b6f22d5ebe1aa57af8629f63cf5ae","484117"
"2010","KF","486066",".local-data/rkl/2010/kandidater/nuvarande_ledamoter_RLK.skv","486403","Jan Glimstedt","Jan Glimstedt","FP","3","141500","0003-00845","4","4","","E1","high","N1","e758499f800cfbc49ce02c54c3d1dd79","2b5b6f22d5ebe1aa57af8629f63cf5ae","486066"
"2010","KF","484106",".local-data/rkl/2010/kandidater/nuvarande_ledamoter_RLK.skv","484538","Jan Alexandersson","Jan Alexandersson","V","5","141500","0005-02980","2","2","","E1","high","N1","e758499f800cfbc49ce02c54c3d1dd79","2b5b6f22d5ebe1aa57af8629f63cf5ae","484106"
"2010","KF","205782",".local-data/rkl/2010/kandidater/nuvarande_ledamoter_RLK.skv","245789","Mats Kristensson","Mats Kristensson","C","4","141900","0004-00860","2","2","","E1","high","N1","e758499f800cfbc49ce02c54c3d1dd79","2b5b6f22d5ebe1aa57af8629f63cf5ae","205782"
"2010","KF","486038",".local-data/rkl/2010/kandidater/nuvarande_ledamoter_RLK.skv","486425","Birgitta Adolfsson","Birgitta Adolfsson","FP","3","141900","0003-00846","2","2","","E1","high","N1","e758499f800cfbc49ce02c54c3d1dd79","2b5b6f22d5ebe1aa57af8629f63cf5ae","486038"
"2010","KF","473686",".local-data/rkl/2010/kandidater/nuvarande_ledamoter_RLK.skv","474496","Roland Flyckt","Roland Flyckt","KD","68","141900","0068-02481","5","3","","E1","high","N1","e758499f800cfbc49ce02c54c3d1dd79","2b5b6f22d5ebe1aa57af8629f63cf5ae","473686"
"2010","KF","473689",".local-data/rkl/2010/kandidater/nuvarande_ledamoter_RLK.skv","474430","Leif Apelgren","Leif Apelgren","KD","68","142100","0068-01838","2","1","2011-05-26","E1","high","N1","e758499f800cfbc49ce02c54c3d1dd79","2b5b6f22d5ebe1aa57af8629f63cf5ae","473689"
"2010","KF","473685",".local-data/rkl/2010/kandidater/nuvarande_ledamoter_RLK.skv","474453","Johan Lindahl","Johan Lindahl","KD","68","142700","0068-01832","1","1","","E1","high","N1","e758499f800cfbc49ce02c54c3d1dd79","2b5b6f22d5ebe1aa57af8629f63cf5ae","473685"
"2010","KF","484123",".local-data/rkl/2010/kandidater/nuvarande_ledamoter_RLK.skv","484530","Mona Roos","Mona Roos","V","5","142700","0005-01045","1","1","","E1","high","N1","e758499f800cfbc49ce02c54c3d1dd79","2b5b6f22d5ebe1aa57af8629f63cf5ae","484123"
"2010","KF","473694",".local-data/rkl/2010/kandidater/nuvarande_ledamoter_RLK.skv","474384","Olle Olsson","Olle Olsson","KD","68","143000","0068-02485","8","1","","E1","high","N1","e758499f800cfbc49ce02c54c3d1dd79","2b5b6f22d5ebe1aa57af8629f63cf5ae","473694"
"2010","KF","205759",".local-data/rkl/2010/kandidater/nuvarande_ledamoter_RLK.skv","245768","Clas-Åke Sörkvist","Clas-Åke Sörkvist","C","4","143500","0004-01229","1","1","","E1","high","N1","e758499f800cfbc49ce02c54c3d1dd79","2b5b6f22d5ebe1aa57af8629f63cf5ae","205759"
"2010","KF","205793",".local-data/rkl/2010/kandidater/nuvarande_ledamoter_RLK.skv","242387","Rune Hermansson","Rune Hermansson","C","4","143500","0004-01437","2","4","","E1","high","N1","e758499f800cfbc49ce02c54c3d1dd79","2b5b6f22d5ebe1aa57af8629f63cf5ae","205793"
"2010","KF","486060",".local-data/rkl/2010/kandidater/nuvarande_ledamoter_RLK.skv","487078","Harriet Larsåsen","Harriet Larsåsen","FP","3","143500","0003-02032","6","3","2013-04-01","E1","high","N1","e758499f800cfbc49ce02c54c3d1dd79","2b5b6f22d5ebe1aa57af8629f63cf5ae","486060"
"2010","KF","486054",".local-data/rkl/2010/kandidater/nuvarande_ledamoter_RLK.skv","487075","Lotta Toreld","Lotta Toreld","FP","3","143500","0003-02032","3","4","","E1","high","N1","e758499f800cfbc49ce02c54c3d1dd79","2b5b6f22d5ebe1aa57af8629f63cf5ae","486054"
"2010","KF","415168",".local-data/rkl/2010/kandidater/nuvarande_ledamoter_RLK.skv","420887","Martin Carling","Martin Carling","C","4","143800","0004-00579","1","1","","E1","high","N1","e758499f800cfbc49ce02c54c3d1dd79","2b5b6f22d5ebe1aa57af8629f63cf5ae","415168"
"2010","KF","415182",".local-data/rkl/2010/kandidater/nuvarande_ledamoter_RLK.skv","420889","Kenneth Gustavsson","Kenneth Gustavsson","C","4","143800","0004-00579","3","3","","E1","high","N1","e758499f800cfbc49ce02c54c3d1dd79","2b5b6f22d5ebe1aa57af8629f63cf5ae","415182"
"2010","KF","473976",".local-data/rkl/2010/kandidater/nuvarande_ledamoter_RLK.skv","474194","Tommy Olsson","Tommy Olsson","KD","68","143800","0068-01862","1","1","","E1","high","N1","e758499f800cfbc49ce02c54c3d1dd79","2b5b6f22d5ebe1aa57af8629f63cf5ae","473976"
"2010","KF","407990",".local-data/rkl/2010/kandidater/nuvarande_ledamoter_RLK.skv","511661","Maria Mell","Maria Mell","SPVG","447","143800","0447-03851","1","1","","E1","high","N1","e758499f800cfbc49ce02c54c3d1dd79","2b5b6f22d5ebe1aa57af8629f63cf5ae","407990"
"2010","KF","473964",".local-data/rkl/2010/kandidater/nuvarande_ledamoter_RLK.skv","473984","Sune Rydén","Sune Rydén","KD","68","144000","0068-01822","1","1","","E1","high","N1","e758499f800cfbc49ce02c54c3d1dd79","2b5b6f22d5ebe1aa57af8629f63cf5ae","473964"
"2010","KF","478926",".local-data/rkl/2010/kandidater/nuvarande_ledamoter_RLK.skv","487815","Rune Karlsson","Rune Karlsson","SD","110","144000","0110-03948","1","1","","E1","high","N1","e758499f800cfbc49ce02c54c3d1dd79","2b5b6f22d5ebe1aa57af8629f63cf5ae","478926"
"2010","KF","473975",".local-data/rkl/2010/kandidater/nuvarande_ledamoter_RLK.skv","474011","Annelie Lundström","Annelie Lundström","KD","68","144102","0068-03106","3","1","","E1","high","N1","e758499f800cfbc49ce02c54c3d1dd79","2b5b6f22d5ebe1aa57af8629f63cf5ae","473975"
"2010","KF","473966",".local-data/rkl/2010/kandidater/nuvarande_ledamoter_RLK.skv","473994","Arne Olsson","Arne Olsson","KD","68","144200","0068-02279","1","1","","E1","high","N1","e758499f800cfbc49ce02c54c3d1dd79","2b5b6f22d5ebe1aa57af8629f63cf5ae","473966"
"2010","KF","473970",".local-data/rkl/2010/kandidater/nuvarande_ledamoter_RLK.skv","474279","Daniel Dalén","Daniel Dalén","KD","68","144200","0068-02279","3","2","","E1","high","N1","e758499f800cfbc49ce02c54c3d1dd79","2b5b6f22d5ebe1aa57af8629f63cf5ae","473970"
"2010","KF","483649",".local-data/rkl/2010/kandidater/nuvarande_ledamoter_RLK.skv","484014","Helen Persgren","Helen Persgren","MP","55","144200","0055-02913","1","1","","E1","high","N1","e758499f800cfbc49ce02c54c3d1dd79","2b5b6f22d5ebe1aa57af8629f63cf5ae","483649"
"2010","KF","452462",".local-data/rkl/2010/kandidater/nuvarande_ledamoter_RLK.skv","500151","Roland Andersson","Roland Andersson","C","4","144300","0004-03642","1","1","","E1","high","N1","e758499f800cfbc49ce02c54c3d1dd79","2b5b6f22d5ebe1aa57af8629f63cf5ae","452462"
"2010","KF","465306",".local-data/rkl/2010/kandidater/nuvarande_ledamoter_RLK.skv","466274","Peter Rosholm","Peter Rosholm","S","2","144300","0002-02156","1","1","","E1","high","N1","e758499f800cfbc49ce02c54c3d1dd79","2b5b6f22d5ebe1aa57af8629f63cf5ae","465306"
"2010","KF","465293",".local-data/rkl/2010/kandidater/nuvarande_ledamoter_RLK.skv","466275","Barbro Orrestrand","Barbro Orrestrand","S","2","144300","0002-02156","2","2","","E1","high","N1","e758499f800cfbc49ce02c54c3d1dd79","2b5b6f22d5ebe1aa57af8629f63cf5ae","465293"
"2010","KF","465285",".local-data/rkl/2010/kandidater/nuvarande_ledamoter_RLK.skv","466279","Gunnel Brandt","Gunnel Brandt","S","2","144300","0002-02156","6","6","","E1","high","N1","e758499f800cfbc49ce02c54c3d1dd79","2b5b6f22d5ebe1aa57af8629f63cf5ae","465285"
"2010","KF","480890",".local-data/rkl/2010/kandidater/nuvarande_ledamoter_RLK.skv","505427","Sassi Wemmer","Sassi Wemmer","MP","55","144300","0055-03723","1","1","","E1","high","N1","e758499f800cfbc49ce02c54c3d1dd79","2b5b6f22d5ebe1aa57af8629f63cf5ae","480890"
"2010","KF","517617",".local-data/rkl/2010/kandidater/nuvarande_ledamoter_RLK.skv","517623","Daniel Persson","Daniel Persson","SD","110","144300","0110-04254","4","2","2011-04-28","E1","high","N1","e758499f800cfbc49ce02c54c3d1dd79","2b5b6f22d5ebe1aa57af8629f63cf5ae","517617"
"2010","KF","299300",".local-data/rkl/2010/kandidater/nuvarande_ledamoter_RLK.skv","442064","Eva Aronsson","Eva Aronsson","C","4","144500","0004-00706","1","2","","E1","high","N1","e758499f800cfbc49ce02c54c3d1dd79","2b5b6f22d5ebe1aa57af8629f63cf5ae","299300"
"2010","KF","299295",".local-data/rkl/2010/kandidater/nuvarande_ledamoter_RLK.skv","442068","Christer Aronsson","Christer Aronsson","C","4","144500","0004-00706","5","6","","E1","high","N1","e758499f800cfbc49ce02c54c3d1dd79","2b5b6f22d5ebe1aa57af8629f63cf5ae","299295"
"2010","KF","493667",".local-data/rkl/2010/kandidater/nuvarande_ledamoter_RLK.skv","495463","Gunilla Hermansson","Gunilla Hermansson","KD","68","144500","0068-02259","1","1","","E1","high","N1","e758499f800cfbc49ce02c54c3d1dd79","2b5b6f22d5ebe1aa57af8629f63cf5ae","493667"
"2010","KF","316988",".local-data/rkl/2010/kandidater/nuvarande_ledamoter_RLK.skv","434266","Monica Högberg","Monica Högberg","S","2","144700","0002-00730","15","15","","E1","high","N1","e758499f800cfbc49ce02c54c3d1dd79","2b5b6f22d5ebe1aa57af8629f63cf5ae","316988"
"2010","KF","455539",".local-data/rkl/2010/kandidater/nuvarande_ledamoter_RLK.skv","505917","Christer Eriksson","Christer Eriksson","MP","55","144700","0055-03737","1","1","","E1","high","N1","e758499f800cfbc49ce02c54c3d1dd79","2b5b6f22d5ebe1aa57af8629f63cf5ae","455539"
"2010","KF","473960",".local-data/rkl/2010/kandidater/nuvarande_ledamoter_RLK.skv","473992","Daniel Jensen","Daniel Jensen","KD","68","146100","0068-01424","1","1","","E1","high","N1","e758499f800cfbc49ce02c54c3d1dd79","2b5b6f22d5ebe1aa57af8629f63cf5ae","473960"
"2010","KF","473980",".local-data/rkl/2010/kandidater/nuvarande_ledamoter_RLK.skv","474248","Zoran Firis","Zoran Firis","KD","68","146100","0068-01424","3","3","","E1","high","N1","e758499f800cfbc49ce02c54c3d1dd79","2b5b6f22d5ebe1aa57af8629f63cf5ae","473980"
"2010","KF","447361",".local-data/rkl/2010/kandidater/nuvarande_ledamoter_RLK.skv","477975","Ulf Wetterlund","Ulf Wetterlund","FP","3","146200","0003-02543","1","1","","E1","high","N1","e758499f800cfbc49ce02c54c3d1dd79","2b5b6f22d5ebe1aa57af8629f63cf5ae","447361"
"2010","KF","447378",".local-data/rkl/2010/kandidater/nuvarande_ledamoter_RLK.skv","477978","Michelle Winkel","Michelle Winkel","FP","3","146200","0003-02543","4","2","2014-06-18","E1","high","N1","e758499f800cfbc49ce02c54c3d1dd79","2b5b6f22d5ebe1aa57af8629f63cf5ae","447378"
"2010","KF","473178",".local-data/rkl/2010/kandidater/nuvarande_ledamoter_RLK.skv","473297","Anne-Lie Palm","Anne-Lie Palm","S","2","146200","0002-00893","4","4","","E1","high","N1","e758499f800cfbc49ce02c54c3d1dd79","2b5b6f22d5ebe1aa57af8629f63cf5ae","473178"
"2010","KF","483654",".local-data/rkl/2010/kandidater/nuvarande_ledamoter_RLK.skv","483974","Tommy Nilzén","Tommy Nilzén","MP","55","146200","0055-02911","1","1","","E1","high","N1","e758499f800cfbc49ce02c54c3d1dd79","2b5b6f22d5ebe1aa57af8629f63cf5ae","483654"
"2010","KF","306848",".local-data/rkl/2010/kandidater/nuvarande_ledamoter_RLK.skv","307897","Tomas Johansson","Tomas Johansson","M","1","146301","0001-00105","8","3","","E1","high","N1","e758499f800cfbc49ce02c54c3d1dd79","2b5b6f22d5ebe1aa57af8629f63cf5ae","306848"
"2010","KF","306851",".local-data/rkl/2010/kandidater/nuvarande_ledamoter_RLK.skv","307898","Kerstin Weimman-Lindén","Kerstin Weimman-Lindén","M","1","146301","0001-00105","9","4","","E1","high","N1","e758499f800cfbc49ce02c54c3d1dd79","2b5b6f22d5ebe1aa57af8629f63cf5ae","306851"
"2010","KF","306847",".local-data/rkl/2010/kandidater/nuvarande_ledamoter_RLK.skv","307894","Michael von Braun","Michael von Braun","M","1","146302","0001-00105","5","5","","E1","high","N1","e758499f800cfbc49ce02c54c3d1dd79","2b5b6f22d5ebe1aa57af8629f63cf5ae","306847"
"2010","KF","473237",".local-data/rkl/2010/kandidater/nuvarande_ledamoter_RLK.skv","473270","Stig Nilsson","Stig Nilsson","KD","68","146500","0068-03853","1","1","","E1","high","N1","e758499f800cfbc49ce02c54c3d1dd79","2b5b6f22d5ebe1aa57af8629f63cf5ae","473237"
"2010","KF","455535",".local-data/rkl/2010/kandidater/nuvarande_ledamoter_RLK.skv","505933","Jennie Sundvall","Jennie Sundvall","MP","55","147000","0055-03735","2","1","2013-10-28","E1","high","N1","e758499f800cfbc49ce02c54c3d1dd79","2b5b6f22d5ebe1aa57af8629f63cf5ae","455535"
"2010","KF","493672",".local-data/rkl/2010/kandidater/nuvarande_ledamoter_RLK.skv","495512","Bo Bergsten","Bo Bergsten","KD","68","147100","0068-02370","5","1","","E1","high","N1","e758499f800cfbc49ce02c54c3d1dd79","2b5b6f22d5ebe1aa57af8629f63cf5ae","493672"
"2010","KF","493681",".local-data/rkl/2010/kandidater/nuvarande_ledamoter_RLK.skv","495508","Isabella Carlén","Isabella Carlén","KD","68","147100","0068-02370","1","2","","E1","high","N1","e758499f800cfbc49ce02c54c3d1dd79","2b5b6f22d5ebe1aa57af8629f63cf5ae","493681"
"2010","KF","493676",".local-data/rkl/2010/kandidater/nuvarande_ledamoter_RLK.skv","495509","Marcus Brohede","Marcus Brohede","KD","68","147100","0068-02370","2","3","","E1","high","N1","e758499f800cfbc49ce02c54c3d1dd79","2b5b6f22d5ebe1aa57af8629f63cf5ae","493676"
"2010","KF","455528",".local-data/rkl/2010/kandidater/nuvarande_ledamoter_RLK.skv","506138","Anders Johansson","Anders Johansson","MP","55","147100","0055-03733","1","1","","E1","high","N1","e758499f800cfbc49ce02c54c3d1dd79","2b5b6f22d5ebe1aa57af8629f63cf5ae","455528"
"2010","KF","316960",".local-data/rkl/2010/kandidater/nuvarande_ledamoter_RLK.skv","320778","Anna-Karin Holgersson","Anna-Karin Holgersson","S","2","147300","0002-01373","4","4","","E1","high","N1","e758499f800cfbc49ce02c54c3d1dd79","2b5b6f22d5ebe1aa57af8629f63cf5ae","316960"
"2010","KF","316969",".local-data/rkl/2010/kandidater/nuvarande_ledamoter_RLK.skv","320783","Kenneth Carlsson","Kenneth Carlsson","S","2","147300","0002-01373","9","9","","E1","high","N1","e758499f800cfbc49ce02c54c3d1dd79","2b5b6f22d5ebe1aa57af8629f63cf5ae","316969"
"2010","KF","478862",".local-data/rkl/2010/kandidater/nuvarande_ledamoter_RLK.skv","479138","Patrik Ehn","Patrik Ehn","SD","110","148001","0110-02216","1","1","","E1","high","N1","e758499f800cfbc49ce02c54c3d1dd79","2b5b6f22d5ebe1aa57af8629f63cf5ae","478862"
"2010","KF","478864",".local-data/rkl/2010/kandidater/nuvarande_ledamoter_RLK.skv","479145","Thomas Åvall","Thomas Åvall","SD","110","148002","0110-02218","1","1","","E1","high","N1","e758499f800cfbc49ce02c54c3d1dd79","2b5b6f22d5ebe1aa57af8629f63cf5ae","478864"
"2010","KF","478865",".local-data/rkl/2010/kandidater/nuvarande_ledamoter_RLK.skv","479150","Arne Steen","Arne Steen","SD","110","148004","0110-02282","2","1","2011-09-08","E1","high","N1","e758499f800cfbc49ce02c54c3d1dd79","2b5b6f22d5ebe1aa57af8629f63cf5ae","478865"
"2010","KF","466957",".local-data/rkl/2010/kandidater/nuvarande_ledamoter_RLK.skv","487018","Marcus Ewerstrand","Marcus Ewerstrand","M","1","148101","0001-00099","15","6","","E1","high","N1","e758499f800cfbc49ce02c54c3d1dd79","2b5b6f22d5ebe1aa57af8629f63cf5ae","466957"
"2010","KF","486052",".local-data/rkl/2010/kandidater/nuvarande_ledamoter_RLK.skv","486884","Marita Aronson","Marita Aronson","FP","3","148101","0003-00303","4","1","","E1","high","N1","e758499f800cfbc49ce02c54c3d1dd79","2b5b6f22d5ebe1aa57af8629f63cf5ae","486052"
"2010","KF","466969",".local-data/rkl/2010/kandidater/nuvarande_ledamoter_RLK.skv","485384","Gerhard Bengtsson","Gerhard Bengtsson","M","1","148102","0001-00099","10","1","","E1","high","N1","e758499f800cfbc49ce02c54c3d1dd79","2b5b6f22d5ebe1aa57af8629f63cf5ae","466969"
"2010","KF","466975",".local-data/rkl/2010/kandidater/nuvarande_ledamoter_RLK.skv","487014","Ingvar Paulsson","Ingvar Paulsson","M","1","148102","0001-00099","11","2","","E1","high","N1","e758499f800cfbc49ce02c54c3d1dd79","2b5b6f22d5ebe1aa57af8629f63cf5ae","466975"
"2010","KF","466962",".local-data/rkl/2010/kandidater/nuvarande_ledamoter_RLK.skv","485377","Johanna Rantsi","Johanna Rantsi","M","1","148102","0001-00099","12","3","","E1","high","N1","e758499f800cfbc49ce02c54c3d1dd79","2b5b6f22d5ebe1aa57af8629f63cf5ae","466962"
"2010","KF","466993",".local-data/rkl/2010/kandidater/nuvarande_ledamoter_RLK.skv","487009","Maria Rantsi","Maria Rantsi","M","1","148102","0001-00099","6","6","","E1","high","N1","e758499f800cfbc49ce02c54c3d1dd79","2b5b6f22d5ebe1aa57af8629f63cf5ae","466993"
"2010","KF","484121",".local-data/rkl/2010/kandidater/nuvarande_ledamoter_RLK.skv","484336","Ana Maria Stuparich","Ana Maria Stuparich","V","5","148102","0005-02950","1","1","","E1","high","N1","e758499f800cfbc49ce02c54c3d1dd79","2b5b6f22d5ebe1aa57af8629f63cf5ae","484121"
"2010","KF","205778",".local-data/rkl/2010/kandidater/nuvarande_ledamoter_RLK.skv","208322","Ove Wiktorsson","Ove Wiktorsson","C","4","148201","0004-01392","1","1","","E1","high","N1","e758499f800cfbc49ce02c54c3d1dd79","2b5b6f22d5ebe1aa57af8629f63cf5ae","205778"
"2010","KF","486063",".local-data/rkl/2010/kandidater/nuvarande_ledamoter_RLK.skv","492973","Terje Bjönness","Terje Bjönness","FP","3","148201","0003-03584","6","3","","E1","high","N1","e758499f800cfbc49ce02c54c3d1dd79","2b5b6f22d5ebe1aa57af8629f63cf5ae","486063"
"2010","KF","473680",".local-data/rkl/2010/kandidater/nuvarande_ledamoter_RLK.skv","474344","Gun-Marie Daun","Gun-Marie Daun","KD","68","148201","0068-01846","1","1","","E1","high","N1","e758499f800cfbc49ce02c54c3d1dd79","2b5b6f22d5ebe1aa57af8629f63cf5ae","473680"
"2010","KF","367711",".local-data/rkl/2010/kandidater/nuvarande_ledamoter_RLK.skv","473635","Benny Strandberg","Benny Strandberg","KD","68","148201","0068-01846","2","2","","E1","high","N1","e758499f800cfbc49ce02c54c3d1dd79","2b5b6f22d5ebe1aa57af8629f63cf5ae","367711"
"2010","KF","205770",".local-data/rkl/2010/kandidater/nuvarande_ledamoter_RLK.skv","208324","Hans Torwald","Hans Torwald","C","4","148202","0004-01392","3","1","","E1","high","N1","e758499f800cfbc49ce02c54c3d1dd79","2b5b6f22d5ebe1aa57af8629f63cf5ae","205770"
"2010","KF","473673",".local-data/rkl/2010/kandidater/nuvarande_ledamoter_RLK.skv","474347","Marianne Nilsson","Marianne Nilsson","KD","68","148202","0068-01846","4","1","","E1","high","N1","e758499f800cfbc49ce02c54c3d1dd79","2b5b6f22d5ebe1aa57af8629f63cf5ae","473673"
"2010","KF","478885",".local-data/rkl/2010/kandidater/nuvarande_ledamoter_RLK.skv","487813","Birgit Martinsson","Birgit Martinsson","SD","110","148202","0110-02019","2","2","","E1","high","N1","e758499f800cfbc49ce02c54c3d1dd79","2b5b6f22d5ebe1aa57af8629f63cf5ae","478885"
"2010","KF","205795",".local-data/rkl/2010/kandidater/nuvarande_ledamoter_RLK.skv","242415","Siw Lycke","Siw Lycke","C","4","148400","0004-01527","2","1","2012-05-24","E1","high","N1","e758499f800cfbc49ce02c54c3d1dd79","2b5b6f22d5ebe1aa57af8629f63cf5ae","205795"
"2010","KF","205788",".local-data/rkl/2010/kandidater/nuvarande_ledamoter_RLK.skv","242417","Fredrik Christensson","Fredrik Christensson","C","4","148400","0004-01527","4","2","","E1","high","N1","e758499f800cfbc49ce02c54c3d1dd79","2b5b6f22d5ebe1aa57af8629f63cf5ae","205788"
"2010","KF","469825",".local-data/rkl/2010/kandidater/nuvarande_ledamoter_RLK.skv","472807","Anders Nilsson","Anders Nilsson","S","2","148400","0002-00757","11","12","","E1","high","N1","e758499f800cfbc49ce02c54c3d1dd79","2b5b6f22d5ebe1aa57af8629f63cf5ae","469825"
"2010","KF","466985",".local-data/rkl/2010/kandidater/nuvarande_ledamoter_RLK.skv","488999","Sture Svennberg","Sture Svennberg","M","1","148501","0001-01267","1","1","","E1","high","N1","e758499f800cfbc49ce02c54c3d1dd79","2b5b6f22d5ebe1aa57af8629f63cf5ae","466985"
"2010","KF","466974",".local-data/rkl/2010/kandidater/nuvarande_ledamoter_RLK.skv","489007","Ingela Ruthner","Ingela Ruthner","M","1","148501","0001-01267","9","2","","E1","high","N1","e758499f800cfbc49ce02c54c3d1dd79","2b5b6f22d5ebe1aa57af8629f63cf5ae","466974"
"2010","KF","466991",".local-data/rkl/2010/kandidater/nuvarande_ledamoter_RLK.skv","489011","Björn Skår","Björn Skår","M","1","148501","0001-01267","13","4","","E1","high","N1","e758499f800cfbc49ce02c54c3d1dd79","2b5b6f22d5ebe1aa57af8629f63cf5ae","466991"
"2010","KF","466982",".local-data/rkl/2010/kandidater/nuvarande_ledamoter_RLK.skv","489000","Johan Wiktorsson","Johan Wiktorsson","M","1","148502","0001-01267","2","1","","E1","high","N1","e758499f800cfbc49ce02c54c3d1dd79","2b5b6f22d5ebe1aa57af8629f63cf5ae","466982"
"2010","KF","466960",".local-data/rkl/2010/kandidater/nuvarande_ledamoter_RLK.skv","485379","Henrik Sundström","Henrik Sundström","M","1","148502","0001-01267","3","3","","E1","high","N1","e758499f800cfbc49ce02c54c3d1dd79","2b5b6f22d5ebe1aa57af8629f63cf5ae","466960"
"2010","KF","466984",".local-data/rkl/2010/kandidater/nuvarande_ledamoter_RLK.skv","485391","Gunila Jivén","Gunila Jivén","M","1","148502","0001-01267","4","4","","E1","high","N1","e758499f800cfbc49ce02c54c3d1dd79","2b5b6f22d5ebe1aa57af8629f63cf5ae","466984"
"2010","KF","466970",".local-data/rkl/2010/kandidater/nuvarande_ledamoter_RLK.skv","485388","Carin Ramneskär","Carin Ramneskär","M","1","148502","0001-01267","5","5","","E1","high","N1","e758499f800cfbc49ce02c54c3d1dd79","2b5b6f22d5ebe1aa57af8629f63cf5ae","466970"
"2010","KF","466961",".local-data/rkl/2010/kandidater/nuvarande_ledamoter_RLK.skv","489004","Mikael Staxäng","Mikael Staxäng","M","1","148502","0001-01267","6","6","","E1","high","N1","e758499f800cfbc49ce02c54c3d1dd79","2b5b6f22d5ebe1aa57af8629f63cf5ae","466961"
"2010","KF","466997",".local-data/rkl/2010/kandidater/nuvarande_ledamoter_RLK.skv","489010","Said Olsson","Said Olsson","M","1","148503","0001-01267","12","3","","E1","high","N1","e758499f800cfbc49ce02c54c3d1dd79","2b5b6f22d5ebe1aa57af8629f63cf5ae","466997"
"2010","KF","466958",".local-data/rkl/2010/kandidater/nuvarande_ledamoter_RLK.skv","485378","Staffan Cronholm","Staffan Cronholm","M","1","148503","0001-01267","16","5","","E1","high","N1","e758499f800cfbc49ce02c54c3d1dd79","2b5b6f22d5ebe1aa57af8629f63cf5ae","466958"
"2010","KF","205757",".local-data/rkl/2010/kandidater/nuvarande_ledamoter_RLK.skv","420862","Elving Andersson","Elving Andersson","C","4","148503","0004-00873","1","1","","E1","high","N1","e758499f800cfbc49ce02c54c3d1dd79","2b5b6f22d5ebe1aa57af8629f63cf5ae","205757"
"2010","KF","205810",".local-data/rkl/2010/kandidater/nuvarande_ledamoter_RLK.skv","245764","Peter Heie","Peter Heie","C","4","148600","0004-00943","1","1","","E1","high","N1","e758499f800cfbc49ce02c54c3d1dd79","2b5b6f22d5ebe1aa57af8629f63cf5ae","205810"
"2010","KF","205766",".local-data/rkl/2010/kandidater/nuvarande_ledamoter_RLK.skv","245780","Anna-Lena Carlsson","Anna-Lena Carlsson","C","4","148600","0004-00943","2","2","","E1","high","N1","e758499f800cfbc49ce02c54c3d1dd79","2b5b6f22d5ebe1aa57af8629f63cf5ae","205766"
"2010","KF","205760",".local-data/rkl/2010/kandidater/nuvarande_ledamoter_RLK.skv","457698","Hans-Inge Sältenberg","Hans-Inge Sältenberg","C","4","148600","0004-00943","3","4","","E1","high","N1","e758499f800cfbc49ce02c54c3d1dd79","2b5b6f22d5ebe1aa57af8629f63cf5ae","205760"
"2010","KF","205769",".local-data/rkl/2010/kandidater/nuvarande_ledamoter_RLK.skv","457699","Sveza Daceva-Filipova","Sveza Daceva-Filipova","C","4","148600","0004-00943","4","5","","E1","high","N1","e758499f800cfbc49ce02c54c3d1dd79","2b5b6f22d5ebe1aa57af8629f63cf5ae","205769"
"2010","KF","415166",".local-data/rkl/2010/kandidater/nuvarande_ledamoter_RLK.skv","449744","Bo Carlsson","Bo Carlsson","C","4","148701","0004-03464","1","1","","E1","high","N1","e758499f800cfbc49ce02c54c3d1dd79","2b5b6f22d5ebe1aa57af8629f63cf5ae","415166"
"2010","KF","473962",".local-data/rkl/2010/kandidater/nuvarande_ledamoter_RLK.skv","474296","Orvar Carlsson","Orvar Carlsson","KD","68","148701","0068-02488","3","1","2010-12-15","E1","high","N1","e758499f800cfbc49ce02c54c3d1dd79","2b5b6f22d5ebe1aa57af8629f63cf5ae","473962"
"2010","KF","473967",".local-data/rkl/2010/kandidater/nuvarande_ledamoter_RLK.skv","473993","Marie-Louise Bäckman","Marie-Louise Bäckman","KD","68","148702","0068-02488","2","1","","E1","high","N1","e758499f800cfbc49ce02c54c3d1dd79","2b5b6f22d5ebe1aa57af8629f63cf5ae","473967"
"2010","KF","483667",".local-data/rkl/2010/kandidater/nuvarande_ledamoter_RLK.skv","484029","Per Sjödahl","Per Sjödahl","MP","55","148702","0055-02914","4","2","","E1","high","N1","e758499f800cfbc49ce02c54c3d1dd79","2b5b6f22d5ebe1aa57af8629f63cf5ae","483667"
"2010","KF","473957",".local-data/rkl/2010/kandidater/nuvarande_ledamoter_RLK.skv","473989","Maria Nilsson","Maria Nilsson","KD","68","148801","0068-01820","2","1","","E1","high","N1","e758499f800cfbc49ce02c54c3d1dd79","2b5b6f22d5ebe1aa57af8629f63cf5ae","473957"
"2010","KF","483662",".local-data/rkl/2010/kandidater/nuvarande_ledamoter_RLK.skv","483985","Bo Eriksson","Bo Eriksson","MP","55","148801","0055-02912","2","1","","E1","high","N1","e758499f800cfbc49ce02c54c3d1dd79","2b5b6f22d5ebe1aa57af8629f63cf5ae","483662"
"2010","KF","447370",".local-data/rkl/2010/kandidater/nuvarande_ledamoter_RLK.skv","474805","Britt Hallgren","Britt Hallgren","FP","3","148802","0003-02547","4","1","","E1","high","N1","e758499f800cfbc49ce02c54c3d1dd79","2b5b6f22d5ebe1aa57af8629f63cf5ae","447370"
"2010","KF","447380",".local-data/rkl/2010/kandidater/nuvarande_ledamoter_RLK.skv","474804","Johan Lundgren","Johan Lundgren","FP","3","148802","0003-02547","3","2","","E1","high","N1","e758499f800cfbc49ce02c54c3d1dd79","2b5b6f22d5ebe1aa57af8629f63cf5ae","447380"
"2010","KF","473963",".local-data/rkl/2010/kandidater/nuvarande_ledamoter_RLK.skv","473981","Penilla Gunther","Penilla Gunther","KD","68","148802","0068-01820","1","1","","E1","high","N1","e758499f800cfbc49ce02c54c3d1dd79","2b5b6f22d5ebe1aa57af8629f63cf5ae","473963"
"2010","KF","447348",".local-data/rkl/2010/kandidater/nuvarande_ledamoter_RLK.skv","508952","Kristina Grapenholm","Kristina Grapenholm","FP","3","148901","0003-03799","1","1","","E1","high","N1","e758499f800cfbc49ce02c54c3d1dd79","2b5b6f22d5ebe1aa57af8629f63cf5ae","447348"
"2010","KF","473968",".local-data/rkl/2010/kandidater/nuvarande_ledamoter_RLK.skv","473988","Stefan Svensson","Stefan Svensson","KD","68","148901","0068-01823","1","2","","E1","high","N1","e758499f800cfbc49ce02c54c3d1dd79","2b5b6f22d5ebe1aa57af8629f63cf5ae","473968"
"2010","KF","483671",".local-data/rkl/2010/kandidater/nuvarande_ledamoter_RLK.skv","483836","Emma Liljewall","Emma Liljewall","MP","55","148901","0055-02552","5","2","","E1","high","N1","e758499f800cfbc49ce02c54c3d1dd79","2b5b6f22d5ebe1aa57af8629f63cf5ae","483671"
"2010","KF","478896",".local-data/rkl/2010/kandidater/nuvarande_ledamoter_RLK.skv","487779","Conny Jörgensen","Conny Jörgensen","SD","110","148901","0110-02031","1","1","","E1","high","N1","e758499f800cfbc49ce02c54c3d1dd79","2b5b6f22d5ebe1aa57af8629f63cf5ae","478896"
"2010","KF","447369",".local-data/rkl/2010/kandidater/nuvarande_ledamoter_RLK.skv","494751","Fredrik van den Broek","Fredrik van den Broek","FP","3","148902","0003-03799","4","2","","E1","high","N1","e758499f800cfbc49ce02c54c3d1dd79","2b5b6f22d5ebe1aa57af8629f63cf5ae","447369"
"2010","KF","473955",".local-data/rkl/2010/kandidater/nuvarande_ledamoter_RLK.skv","473983","Gunilla Gomér","Gunilla Gomér","KD","68","148902","0068-01823","3","1","","E1","high","N1","e758499f800cfbc49ce02c54c3d1dd79","2b5b6f22d5ebe1aa57af8629f63cf5ae","473955"
"2010","KF","483651",".local-data/rkl/2010/kandidater/nuvarande_ledamoter_RLK.skv","483833","Janine Alm Ericson","Janine Alm Ericson","MP","55","148902","0055-02552","2","2","","E1","high","N1","e758499f800cfbc49ce02c54c3d1dd79","2b5b6f22d5ebe1aa57af8629f63cf5ae","483651"
"2010","KF","446502",".local-data/rkl/2010/kandidater/nuvarande_ledamoter_RLK.skv","476195","Hamid Fard","Hamid Fard","FP","3","149001","0003-00637","4","1","","E1","high","N1","e758499f800cfbc49ce02c54c3d1dd79","2b5b6f22d5ebe1aa57af8629f63cf5ae","446502"
"2010","KF","446494",".local-data/rkl/2010/kandidater/nuvarande_ledamoter_RLK.skv","476193","Patric Cerny","Patric Cerny","FP","3","149001","0003-00637","2","2","","E1","high","N1","e758499f800cfbc49ce02c54c3d1dd79","2b5b6f22d5ebe1aa57af8629f63cf5ae","446494"
"2010","KF","465292",".local-data/rkl/2010/kandidater/nuvarande_ledamoter_RLK.skv","483475","Robert Hansson","Robert Hansson","S","2","149002","0002-03542","6","6","","E1","high","N1","e758499f800cfbc49ce02c54c3d1dd79","2b5b6f22d5ebe1aa57af8629f63cf5ae","465292"
"2010","KF","112696",".local-data/rkl/2010/kandidater/nuvarande_ledamoter_RLK.skv","153228","Fredrich Legnemark","Fredrich Legnemark","V","5","149002","0005-00715","4","2","","E1","high","N1","e758499f800cfbc49ce02c54c3d1dd79","2b5b6f22d5ebe1aa57af8629f63cf5ae","112696"
"2010","KF","478919",".local-data/rkl/2010/kandidater/nuvarande_ledamoter_RLK.skv","487828","Leif Johansson","Leif Johansson","SD","110","149002","0110-01972","9","1","2011-09-22","E1","high","N1","e758499f800cfbc49ce02c54c3d1dd79","2b5b6f22d5ebe1aa57af8629f63cf5ae","478919"
"2010","KF","480883",".local-data/rkl/2010/kandidater/nuvarande_ledamoter_RLK.skv","480899","Ellie Blickfors","Ellie Blickfors","MP","55","149003","0055-02981","2","2","","E1","high","N1","e758499f800cfbc49ce02c54c3d1dd79","2b5b6f22d5ebe1aa57af8629f63cf5ae","480883"
"2010","KF","478904",".local-data/rkl/2010/kandidater/nuvarande_ledamoter_RLK.skv","487824","Dennis Fernholm","Dennis Fernholm","SD","110","149003","0110-01972","5","1","","E1","high","N1","e758499f800cfbc49ce02c54c3d1dd79","2b5b6f22d5ebe1aa57af8629f63cf5ae","478904"
"2010","KF","465294",".local-data/rkl/2010/kandidater/nuvarande_ledamoter_RLK.skv","473335","Tommy Mårtensson","Tommy Mårtensson","S","2","149100","0002-02879","14","13","2012-03-26","E1","high","N1","e758499f800cfbc49ce02c54c3d1dd79","2b5b6f22d5ebe1aa57af8629f63cf5ae","465294"
"2010","KF","473956",".local-data/rkl/2010/kandidater/nuvarande_ledamoter_RLK.skv","473996","Christer Törnell","Christer Törnell","KD","68","149200","0068-02274","1","1","","E1","high","N1","e758499f800cfbc49ce02c54c3d1dd79","2b5b6f22d5ebe1aa57af8629f63cf5ae","473956"
"2010","KF","299292",".local-data/rkl/2010/kandidater/nuvarande_ledamoter_RLK.skv","452602","Rune Skogsberg","Rune Skogsberg","C","4","149300","0004-00704","1","2","","E1","high","N1","e758499f800cfbc49ce02c54c3d1dd79","2b5b6f22d5ebe1aa57af8629f63cf5ae","299292"
"2010","KF","455524",".local-data/rkl/2010/kandidater/nuvarande_ledamoter_RLK.skv","481496","Nils Farken","Nils Farken","MP","55","149300","0055-02009","1","1","","E1","high","N1","e758499f800cfbc49ce02c54c3d1dd79","2b5b6f22d5ebe1aa57af8629f63cf5ae","455524"
"2010","KF","493666",".local-data/rkl/2010/kandidater/nuvarande_ledamoter_RLK.skv","495580","Tommy Larsson","Tommy Larsson","KD","68","149402","0068-02075","1","1","","E1","high","N1","e758499f800cfbc49ce02c54c3d1dd79","2b5b6f22d5ebe1aa57af8629f63cf5ae","493666"
"2010","KF","316953",".local-data/rkl/2010/kandidater/nuvarande_ledamoter_RLK.skv","465236","Jonas Sundström","Jonas Sundström","S","2","149402","0002-03496","9","9","","E1","high","N1","e758499f800cfbc49ce02c54c3d1dd79","2b5b6f22d5ebe1aa57af8629f63cf5ae","316953"
"2010","KF","170818",".local-data/rkl/2010/kandidater/nuvarande_ledamoter_RLK.skv","183478","Bertil Arvidsson","Bertil Arvidsson","V","5","149402","0005-00360","3","1","","E1","high","N1","e758499f800cfbc49ce02c54c3d1dd79","2b5b6f22d5ebe1aa57af8629f63cf5ae","170818"
"2010","KF","455519",".local-data/rkl/2010/kandidater/nuvarande_ledamoter_RLK.skv","455545","Malin Larsson","Malin Larsson","MP","55","149500","0055-01995","2","1","","E1","high","N1","e758499f800cfbc49ce02c54c3d1dd79","2b5b6f22d5ebe1aa57af8629f63cf5ae","455519"
"2010","KF","455542",".local-data/rkl/2010/kandidater/nuvarande_ledamoter_RLK.skv","455544","Magnus Gunnarsson","Magnus Gunnarsson","MP","55","149500","0055-01995","1","2","","E1","high","N1","e758499f800cfbc49ce02c54c3d1dd79","2b5b6f22d5ebe1aa57af8629f63cf5ae","455542"
"2010","KF","299307",".local-data/rkl/2010/kandidater/nuvarande_ledamoter_RLK.skv","442429","Orvar Eriksson","Orvar Eriksson","C","4","149601","0004-01385","4","1","","E1","high","N1","e758499f800cfbc49ce02c54c3d1dd79","2b5b6f22d5ebe1aa57af8629f63cf5ae","299307"
"2010","KF","299302",".local-data/rkl/2010/kandidater/nuvarande_ledamoter_RLK.skv","442430","Gunvor Kvick","Gunvor Kvick","C","4","149601","0004-01385","5","2","","E1","high","N1","e758499f800cfbc49ce02c54c3d1dd79","2b5b6f22d5ebe1aa57af8629f63cf5ae","299302"
"2010","KF","299297",".local-data/rkl/2010/kandidater/nuvarande_ledamoter_RLK.skv","442344","Shorik Adam","Shorik Adam","C","4","149601","0004-01385","8","3","2012-08-08","E1","high","N1","e758499f800cfbc49ce02c54c3d1dd79","2b5b6f22d5ebe1aa57af8629f63cf5ae","299297"
"2010","KF","493662",".local-data/rkl/2010/kandidater/nuvarande_ledamoter_RLK.skv","495637","Conny Brännberg","Conny Brännberg","KD","68","149601","0068-02319","1","1","","E1","high","N1","e758499f800cfbc49ce02c54c3d1dd79","2b5b6f22d5ebe1aa57af8629f63cf5ae","493662"
"2010","KF","455518",".local-data/rkl/2010/kandidater/nuvarande_ledamoter_RLK.skv","505904","Jasmin Vizlin","Jasmin Vizlin","MP","55","149601","0055-03734","1","1","","E1","high","N1","e758499f800cfbc49ce02c54c3d1dd79","2b5b6f22d5ebe1aa57af8629f63cf5ae","455518"
"2010","KF","455530",".local-data/rkl/2010/kandidater/nuvarande_ledamoter_RLK.skv","505911","Ines Downey Leijon","Ines Downey Leijon","MP","55","149601","0055-03734","4","2","","E1","high","N1","e758499f800cfbc49ce02c54c3d1dd79","2b5b6f22d5ebe1aa57af8629f63cf5ae","455530"
"2010","KF","299289",".local-data/rkl/2010/kandidater/nuvarande_ledamoter_RLK.skv","442350","Paula Bäckman","Paula Bäckman","C","4","149602","0004-01385","3","4","","E1","high","N1","e758499f800cfbc49ce02c54c3d1dd79","2b5b6f22d5ebe1aa57af8629f63cf5ae","299289"
"2010","KF","493683",".local-data/rkl/2010/kandidater/nuvarande_ledamoter_RLK.skv","495638","Ann-Katrin Jönsson","Ann-Katrin Jönsson","KD","68","149602","0068-02319","2","1","","E1","high","N1","e758499f800cfbc49ce02c54c3d1dd79","2b5b6f22d5ebe1aa57af8629f63cf5ae","493683"
"2010","KF","455533",".local-data/rkl/2010/kandidater/nuvarande_ledamoter_RLK.skv","505909","Sture Grönblad","Sture Grönblad","MP","55","149602","0055-03734","3","1","","E1","high","N1","e758499f800cfbc49ce02c54c3d1dd79","2b5b6f22d5ebe1aa57af8629f63cf5ae","455533"
"2010","KF","455537",".local-data/rkl/2010/kandidater/nuvarande_ledamoter_RLK.skv","505912","Roger Almgren","Roger Almgren","MP","55","149602","0055-03734","2","2","","E1","high","N1","e758499f800cfbc49ce02c54c3d1dd79","2b5b6f22d5ebe1aa57af8629f63cf5ae","455537"
"2010","KF","478910",".local-data/rkl/2010/kandidater/nuvarande_ledamoter_RLK.skv","487803","Mattias Axner","Mattias Axner","SD","110","149602","0110-02654","3","1","","E1","high","N1","e758499f800cfbc49ce02c54c3d1dd79","2b5b6f22d5ebe1aa57af8629f63cf5ae","478910"
"2010","KF","478911",".local-data/rkl/2010/kandidater/nuvarande_ledamoter_RLK.skv","487805","Roland Larsson","Roland Larsson","SD","110","149602","0110-02654","5","2","2012-05-21","E1","high","N1","e758499f800cfbc49ce02c54c3d1dd79","2b5b6f22d5ebe1aa57af8629f63cf5ae","478911"
"2010","KF","493663",".local-data/rkl/2010/kandidater/nuvarande_ledamoter_RLK.skv","495524","Eva-Lott Gram","Eva-Lott Gram","KD","68","149700","0068-02335","2","1","","E1","high","N1","e758499f800cfbc49ce02c54c3d1dd79","2b5b6f22d5ebe1aa57af8629f63cf5ae","493663"
"2010","KF","493680",".local-data/rkl/2010/kandidater/nuvarande_ledamoter_RLK.skv","495523","Michael Kihlström","Michael Kihlström","KD","68","149700","0068-02335","1","2","","E1","high","N1","e758499f800cfbc49ce02c54c3d1dd79","2b5b6f22d5ebe1aa57af8629f63cf5ae","493680"
"2010","KF","170800",".local-data/rkl/2010/kandidater/nuvarande_ledamoter_RLK.skv","290695","Fredrik Bellino","Fredrik Bellino","V","5","149700","0005-01026","1","1","","E1","high","N1","e758499f800cfbc49ce02c54c3d1dd79","2b5b6f22d5ebe1aa57af8629f63cf5ae","170800"
"2010","KF","455523",".local-data/rkl/2010/kandidater/nuvarande_ledamoter_RLK.skv","488279","Christer Haagman","Christer Haagman","MP","55","149700","0055-01945","1","1","","E1","high","N1","e758499f800cfbc49ce02c54c3d1dd79","2b5b6f22d5ebe1aa57af8629f63cf5ae","455523"
"2010","KF","455516",".local-data/rkl/2010/kandidater/nuvarande_ledamoter_RLK.skv","481573","Karin Olofsson","Karin Olofsson","MP","55","149800","0055-01915","1","1","","E1","high","N1","e758499f800cfbc49ce02c54c3d1dd79","2b5b6f22d5ebe1aa57af8629f63cf5ae","455516"
"2010","KF","493664",".local-data/rkl/2010/kandidater/nuvarande_ledamoter_RLK.skv","495475","Dan Hovskär","Dan Hovskär","KD","68","149901","0068-02441","1","1","","E1","high","N1","e758499f800cfbc49ce02c54c3d1dd79","2b5b6f22d5ebe1aa57af8629f63cf5ae","493664"
"2010","KF","478890",".local-data/rkl/2010/kandidater/nuvarande_ledamoter_RLK.skv","487785","Hanna Wigh","Hanna Wigh","SD","110","149901","0110-02682","1","1","","E1","high","N1","e758499f800cfbc49ce02c54c3d1dd79","2b5b6f22d5ebe1aa57af8629f63cf5ae","478890"
"2010","KF","493665",".local-data/rkl/2010/kandidater/nuvarande_ledamoter_RLK.skv","495477","Elin Liljebäck Nilsson","Elin Liljebäck Nilsson","KD","68","149902","0068-02441","3","1","","E1","high","N1","e758499f800cfbc49ce02c54c3d1dd79","2b5b6f22d5ebe1aa57af8629f63cf5ae","493665"
"2010","KF","170797",".local-data/rkl/2010/kandidater/nuvarande_ledamoter_RLK.skv","183503","Inger Lilja","Inger Lilja","V","5","149902","0005-00319","1","1","","E1","high","N1","e758499f800cfbc49ce02c54c3d1dd79","2b5b6f22d5ebe1aa57af8629f63cf5ae","170797"
"2010","KF","455515",".local-data/rkl/2010/kandidater/nuvarande_ledamoter_RLK.skv","488308","Roland Wanner","Roland Wanner","MP","55","149902","0055-01988","1","1","","E1","high","N1","e758499f800cfbc49ce02c54c3d1dd79","2b5b6f22d5ebe1aa57af8629f63cf5ae","455515"
"2010","KF","518960",".local-data/rkl/2010/kandidater/nuvarande_ledamoter_RLK.skv","518967","Magnus Wallo","Magnus Wallo","SD","110","176000","0110-04860","1","1","2011-11-11","E1","high","N1","e758499f800cfbc49ce02c54c3d1dd79","2b5b6f22d5ebe1aa57af8629f63cf5ae","518960"
"2010","KF","519816",".local-data/rkl/2010/kandidater/nuvarande_ledamoter_RLK.skv","519818","Kjell Tallin","Kjell Tallin","SD","110","176300","0110-05135","2","1","2011-04-08","E1","high","N1","e758499f800cfbc49ce02c54c3d1dd79","2b5b6f22d5ebe1aa57af8629f63cf5ae","519816"
"2010","KF","495088",".local-data/rkl/2010/kandidater/nuvarande_ledamoter_RLK.skv","495140","Margaretha Nilsson","Margaretha Nilsson","SD","110","178001","0110-03749","2","1","2013-06-07","E1","high","N1","e758499f800cfbc49ce02c54c3d1dd79","2b5b6f22d5ebe1aa57af8629f63cf5ae","495088"
"2010","KF","495085",".local-data/rkl/2010/kandidater/nuvarande_ledamoter_RLK.skv","495139","Britt Engqvist","Britt Engqvist","SD","110","178002","0110-03749","1","1","","E1","high","N1","e758499f800cfbc49ce02c54c3d1dd79","2b5b6f22d5ebe1aa57af8629f63cf5ae","495085"
"2010","KF","517474",".local-data/rkl/2010/kandidater/nuvarande_ledamoter_RLK.skv","517493","Jens Pettersson","Jens Pettersson","SD","110","186400","0110-04182","1","1","","E1","high","N1","e758499f800cfbc49ce02c54c3d1dd79","2b5b6f22d5ebe1aa57af8629f63cf5ae","517474"
"2010","KF","517476",".local-data/rkl/2010/kandidater/nuvarande_ledamoter_RLK.skv","517512","Roger Sahlberg","Roger Sahlberg","SD","110","186400","0110-04201","1","2","2013-06-03","E1","high","N1","e758499f800cfbc49ce02c54c3d1dd79","2b5b6f22d5ebe1aa57af8629f63cf5ae","517476"
"2010","KF","518557",".local-data/rkl/2010/kandidater/nuvarande_ledamoter_RLK.skv","518586","Mikael Olsson","Mikael Olsson","SD","110","216100","0110-04654","1","1","2011-12-08","E1","high","N1","e758499f800cfbc49ce02c54c3d1dd79","2b5b6f22d5ebe1aa57af8629f63cf5ae","518557"
"2010","KF","517932",".local-data/rkl/2010/kandidater/nuvarande_ledamoter_RLK.skv","517940","Marcus Molinder","Marcus Molinder","SD","110","226200","0110-04368","3","2","2011-03-29","E1","high","N1","e758499f800cfbc49ce02c54c3d1dd79","2b5b6f22d5ebe1aa57af8629f63cf5ae","517932"
"2010","RD","442089",".local-data/rkl/2010/kandidater/alkandur_R.skv","497359","Björn Andersson","Björn Andersson","FP","3","03","0003-03600","22","","","E1","high","N1","e758499f800cfbc49ce02c54c3d1dd79","4e93325921eca002d8850ee3d090697e","442089"
"2010","RF","442089",".local-data/rkl/2010/kandidater/alkandur_L.skv","442089","Björn Andersson","Björn Andersson","FP","3","0303","0003-03159","6","","","E1","high","H1: approved 2010 Bjorn Andersson identity; RF raw XML ID 451964 preserved separately","e758499f800cfbc49ce02c54c3d1dd79","35245eb194758326c2fa3c4090ac1935","451964"
"2010","RF","495085",".local-data/rkl/2010/kandidater/alkandur_L.skv","495139","Britt Engqvist","Britt Engqvist","SD","110","1701","0110-03606","2","","","E1","high","N1","e758499f800cfbc49ce02c54c3d1dd79","35245eb194758326c2fa3c4090ac1935","495085"
"2010","RF","495088",".local-data/rkl/2010/kandidater/alkandur_L.skv","495140","Margaretha Nilsson","Margaretha Nilsson","SD","110","1701","0110-03606","6","","","E1","high","N1","e758499f800cfbc49ce02c54c3d1dd79","35245eb194758326c2fa3c4090ac1935","495088"
"2010","RF","495091",".local-data/rkl/2010/kandidater/alkandur_L.skv","495141","Ida Martinsson","Ida Martinsson","SD","110","1701","0110-03606","8","","","E1","high","N1","e758499f800cfbc49ce02c54c3d1dd79","35245eb194758326c2fa3c4090ac1935","495091"
"2010","RF","495100",".local-data/rkl/2010/kandidater/alkandur_L.skv","495143","Marita Gustafsson","Marita Gustafsson","SD","110","1701","0110-03606","17","","","E1","high","N1","e758499f800cfbc49ce02c54c3d1dd79","35245eb194758326c2fa3c4090ac1935","495100"
"2010","RF","495101",".local-data/rkl/2010/kandidater/alkandur_L.skv","495142","Rebecca Nilsson","Rebecca Nilsson","SD","110","1701","0110-03606","18","","","E1","high","N1","e758499f800cfbc49ce02c54c3d1dd79","35245eb194758326c2fa3c4090ac1935","495101"
"2010","RF","495085",".local-data/rkl/2010/kandidater/alkandur_L.skv","495139","Britt Engqvist","Britt Engqvist","SD","110","1702","0110-03606","2","","","E1","high","N1","e758499f800cfbc49ce02c54c3d1dd79","35245eb194758326c2fa3c4090ac1935","495085"
"2010","RF","495088",".local-data/rkl/2010/kandidater/alkandur_L.skv","495140","Margaretha Nilsson","Margaretha Nilsson","SD","110","1702","0110-03606","6","","","E1","high","N1","e758499f800cfbc49ce02c54c3d1dd79","35245eb194758326c2fa3c4090ac1935","495088"
"2010","RF","495091",".local-data/rkl/2010/kandidater/alkandur_L.skv","495141","Ida Martinsson","Ida Martinsson","SD","110","1702","0110-03606","8","","","E1","high","N1","e758499f800cfbc49ce02c54c3d1dd79","35245eb194758326c2fa3c4090ac1935","495091"
"2010","RF","495100",".local-data/rkl/2010/kandidater/alkandur_L.skv","495143","Marita Gustafsson","Marita Gustafsson","SD","110","1702","0110-03606","17","","","E1","high","N1","e758499f800cfbc49ce02c54c3d1dd79","35245eb194758326c2fa3c4090ac1935","495100"
"2010","RF","495101",".local-data/rkl/2010/kandidater/alkandur_L.skv","495142","Rebecca Nilsson","Rebecca Nilsson","SD","110","1702","0110-03606","18","","","E1","high","N1","e758499f800cfbc49ce02c54c3d1dd79","35245eb194758326c2fa3c4090ac1935","495101"
"2010","RF","495085",".local-data/rkl/2010/kandidater/alkandur_L.skv","495139","Britt Engqvist","Britt Engqvist","SD","110","1703","0110-03606","2","","","E1","high","N1","e758499f800cfbc49ce02c54c3d1dd79","35245eb194758326c2fa3c4090ac1935","495085"
"2010","RF","495088",".local-data/rkl/2010/kandidater/alkandur_L.skv","495140","Margaretha Nilsson","Margaretha Nilsson","SD","110","1703","0110-03606","6","","","E1","high","N1","e758499f800cfbc49ce02c54c3d1dd79","35245eb194758326c2fa3c4090ac1935","495088"
"2010","RF","495091",".local-data/rkl/2010/kandidater/alkandur_L.skv","495141","Ida Martinsson","Ida Martinsson","SD","110","1703","0110-03606","8","","","E1","high","N1","e758499f800cfbc49ce02c54c3d1dd79","35245eb194758326c2fa3c4090ac1935","495091"
"2010","RF","495100",".local-data/rkl/2010/kandidater/alkandur_L.skv","495143","Marita Gustafsson","Marita Gustafsson","SD","110","1703","0110-03606","17","","","E1","high","N1","e758499f800cfbc49ce02c54c3d1dd79","35245eb194758326c2fa3c4090ac1935","495100"
"2010","RF","495101",".local-data/rkl/2010/kandidater/alkandur_L.skv","495142","Rebecca Nilsson","Rebecca Nilsson","SD","110","1703","0110-03606","18","","","E1","high","N1","e758499f800cfbc49ce02c54c3d1dd79","35245eb194758326c2fa3c4090ac1935","495101"
"2010","RF","495085",".local-data/rkl/2010/kandidater/alkandur_L.skv","495139","Britt Engqvist","Britt Engqvist","SD","110","1704","0110-03606","2","","","E1","high","N1","e758499f800cfbc49ce02c54c3d1dd79","35245eb194758326c2fa3c4090ac1935","495085"
"2010","RF","495088",".local-data/rkl/2010/kandidater/alkandur_L.skv","495140","Margaretha Nilsson","Margaretha Nilsson","SD","110","1704","0110-03606","6","","","E1","high","N1","e758499f800cfbc49ce02c54c3d1dd79","35245eb194758326c2fa3c4090ac1935","495088"
"2010","RF","495091",".local-data/rkl/2010/kandidater/alkandur_L.skv","495141","Ida Martinsson","Ida Martinsson","SD","110","1704","0110-03606","8","","","E1","high","N1","e758499f800cfbc49ce02c54c3d1dd79","35245eb194758326c2fa3c4090ac1935","495091"
"2010","RF","495101",".local-data/rkl/2010/kandidater/alkandur_L.skv","495142","Rebecca Nilsson","Rebecca Nilsson","SD","110","1704","0110-03606","18","","","E1","high","N1","e758499f800cfbc49ce02c54c3d1dd79","35245eb194758326c2fa3c4090ac1935","495101"
"2010","RF","495085",".local-data/rkl/2010/kandidater/alkandur_L.skv","495139","Britt Engqvist","Britt Engqvist","SD","110","1705","0110-03606","2","","","E1","high","N1","e758499f800cfbc49ce02c54c3d1dd79","35245eb194758326c2fa3c4090ac1935","495085"
"2010","RF","495088",".local-data/rkl/2010/kandidater/alkandur_L.skv","495140","Margaretha Nilsson","Margaretha Nilsson","SD","110","1705","0110-03606","6","","","E1","high","N1","e758499f800cfbc49ce02c54c3d1dd79","35245eb194758326c2fa3c4090ac1935","495088"
"2010","RF","495091",".local-data/rkl/2010/kandidater/alkandur_L.skv","495141","Ida Martinsson","Ida Martinsson","SD","110","1705","0110-03606","8","","","E1","high","N1","e758499f800cfbc49ce02c54c3d1dd79","35245eb194758326c2fa3c4090ac1935","495091"
"2010","RF","495100",".local-data/rkl/2010/kandidater/alkandur_L.skv","495143","Marita Gustafsson","Marita Gustafsson","SD","110","1705","0110-03606","17","","","E1","high","N1","e758499f800cfbc49ce02c54c3d1dd79","35245eb194758326c2fa3c4090ac1935","495100"
"2010","RF","495101",".local-data/rkl/2010/kandidater/alkandur_L.skv","495142","Rebecca Nilsson","Rebecca Nilsson","SD","110","1705","0110-03606","18","","","E1","high","N1","e758499f800cfbc49ce02c54c3d1dd79","35245eb194758326c2fa3c4090ac1935","495101"
"2010","KF","495085",".local-data/rkl/2010/kandidater/alkandur_K.skv","495139","Britt Engqvist","Britt Engqvist","SD","110","178001","0110-03337","1","","","E1","high","N1","e758499f800cfbc49ce02c54c3d1dd79","06f3c19414e2aa54902f1ba415a45f31","495085"
"2010","KF","495088",".local-data/rkl/2010/kandidater/alkandur_K.skv","495140","Margaretha Nilsson","Margaretha Nilsson","SD","110","178001","0110-03337","2","","","E1","high","N1","e758499f800cfbc49ce02c54c3d1dd79","06f3c19414e2aa54902f1ba415a45f31","495088"
"2010","KF","495091",".local-data/rkl/2010/kandidater/alkandur_K.skv","495141","Ida Martinsson","Ida Martinsson","SD","110","178001","0110-03337","3","","","E1","high","N1","e758499f800cfbc49ce02c54c3d1dd79","06f3c19414e2aa54902f1ba415a45f31","495091"
"2010","KF","495101",".local-data/rkl/2010/kandidater/alkandur_K.skv","495142","Rebecca Nilsson","Rebecca Nilsson","SD","110","178001","0110-03337","4","","","E1","high","N1","e758499f800cfbc49ce02c54c3d1dd79","06f3c19414e2aa54902f1ba415a45f31","495101"
"2010","KF","495100",".local-data/rkl/2010/kandidater/alkandur_K.skv","495143","Marita Gustafsson","Marita Gustafsson","SD","110","178001","0110-03337","5","","","E1","high","N1","e758499f800cfbc49ce02c54c3d1dd79","06f3c19414e2aa54902f1ba415a45f31","495100"
"2010","KF","495085",".local-data/rkl/2010/kandidater/alkandur_K.skv","495139","Britt Engqvist","Britt Engqvist","SD","110","178001","0110-03749","1","","","E1","high","N1","e758499f800cfbc49ce02c54c3d1dd79","06f3c19414e2aa54902f1ba415a45f31","495085"
"2010","KF","495088",".local-data/rkl/2010/kandidater/alkandur_K.skv","495140","Margaretha Nilsson","Margaretha Nilsson","SD","110","178001","0110-03749","2","","","E1","high","N1","e758499f800cfbc49ce02c54c3d1dd79","06f3c19414e2aa54902f1ba415a45f31","495088"
"2010","KF","495091",".local-data/rkl/2010/kandidater/alkandur_K.skv","495141","Ida Martinsson","Ida Martinsson","SD","110","178001","0110-03749","3","","","E1","high","N1","e758499f800cfbc49ce02c54c3d1dd79","06f3c19414e2aa54902f1ba415a45f31","495091"
"2010","KF","495101",".local-data/rkl/2010/kandidater/alkandur_K.skv","495142","Rebecca Nilsson","Rebecca Nilsson","SD","110","178001","0110-03749","4","","","E1","high","N1","e758499f800cfbc49ce02c54c3d1dd79","06f3c19414e2aa54902f1ba415a45f31","495101"
"2010","KF","495100",".local-data/rkl/2010/kandidater/alkandur_K.skv","495143","Marita Gustafsson","Marita Gustafsson","SD","110","178001","0110-03749","5","","","E1","high","N1","e758499f800cfbc49ce02c54c3d1dd79","06f3c19414e2aa54902f1ba415a45f31","495100"
"2010","KF","495085",".local-data/rkl/2010/kandidater/alkandur_K.skv","495139","Britt Engqvist","Britt Engqvist","SD","110","178002","0110-03337","1","","","E1","high","N1","e758499f800cfbc49ce02c54c3d1dd79","06f3c19414e2aa54902f1ba415a45f31","495085"
"2010","KF","495088",".local-data/rkl/2010/kandidater/alkandur_K.skv","495140","Margaretha Nilsson","Margaretha Nilsson","SD","110","178002","0110-03337","2","","","E1","high","N1","e758499f800cfbc49ce02c54c3d1dd79","06f3c19414e2aa54902f1ba415a45f31","495088"
"2010","KF","495091",".local-data/rkl/2010/kandidater/alkandur_K.skv","495141","Ida Martinsson","Ida Martinsson","SD","110","178002","0110-03337","3","","","E1","high","N1","e758499f800cfbc49ce02c54c3d1dd79","06f3c19414e2aa54902f1ba415a45f31","495091"
"2010","KF","495101",".local-data/rkl/2010/kandidater/alkandur_K.skv","495142","Rebecca Nilsson","Rebecca Nilsson","SD","110","178002","0110-03337","4","","","E1","high","N1","e758499f800cfbc49ce02c54c3d1dd79","06f3c19414e2aa54902f1ba415a45f31","495101"
"2010","KF","495100",".local-data/rkl/2010/kandidater/alkandur_K.skv","495143","Marita Gustafsson","Marita Gustafsson","SD","110","178002","0110-03337","5","","","E1","high","N1","e758499f800cfbc49ce02c54c3d1dd79","06f3c19414e2aa54902f1ba415a45f31","495100"
"2010","KF","495085",".local-data/rkl/2010/kandidater/alkandur_K.skv","495139","Britt Engqvist","Britt Engqvist","SD","110","178002","0110-03749","1","","","E1","high","N1","e758499f800cfbc49ce02c54c3d1dd79","06f3c19414e2aa54902f1ba415a45f31","495085"
"2010","KF","495088",".local-data/rkl/2010/kandidater/alkandur_K.skv","495140","Margaretha Nilsson","Margaretha Nilsson","SD","110","178002","0110-03749","2","","","E1","high","N1","e758499f800cfbc49ce02c54c3d1dd79","06f3c19414e2aa54902f1ba415a45f31","495088"
"2010","KF","495091",".local-data/rkl/2010/kandidater/alkandur_K.skv","495141","Ida Martinsson","Ida Martinsson","SD","110","178002","0110-03749","3","","","E1","high","N1","e758499f800cfbc49ce02c54c3d1dd79","06f3c19414e2aa54902f1ba415a45f31","495091"
"2010","KF","495101",".local-data/rkl/2010/kandidater/alkandur_K.skv","495142","Rebecca Nilsson","Rebecca Nilsson","SD","110","178002","0110-03749","4","","","E1","high","N1","e758499f800cfbc49ce02c54c3d1dd79","06f3c19414e2aa54902f1ba415a45f31","495101"
"2010","KF","495100",".local-data/rkl/2010/kandidater/alkandur_K.skv","495143","Marita Gustafsson","Marita Gustafsson","SD","110","178002","0110-03749","5","","","E1","high","N1","e758499f800cfbc49ce02c54c3d1dd79","06f3c19414e2aa54902f1ba415a45f31","495100"
"2010","RF","442089",".local-data/rkl/2010/valresultat/slutresultat.zip!slutresultat_00L.xml","451964","Björn Andersson","Björn Andersson","FP","3","0303","0003-03159","6","","","H1","high","H1: approved candidate-specific XML identity harmonisation; not a global numeric replacement","e758499f800cfbc49ce02c54c3d1dd79","e758499f800cfbc49ce02c54c3d1dd79","451964"
